{"authorDailyContributionsMap":{"Maksym Shyiko":[{"date":"2023-04-06","commitResults":[{"hash":"4cf86bf74a968d785dd8b01f71d2bb7ef8f625b6","isMergeCommit":false,"messageTitle":"Initial commit","messageBody":"","fileTypesAndContributionMap":{"css":{"insertions":1446,"deletions":0},"java":{"insertions":1868,"deletions":0},"svg":{"insertions":14,"deletions":0},"gitignore":{"insertions":10,"deletions":0},"xml":{"insertions":398,"deletions":0},"js":{"insertions":9,"deletions":0},"html":{"insertions":771,"deletions":0}}}]},{"date":"2023-05-14","commitResults":[{"hash":"183107ee682f93ad3b1cb7040a807a1543f504c0","isMergeCommit":false,"messageTitle":"Changed dao structure","messageBody":"","fileTypesAndContributionMap":{"java":{"insertions":120,"deletions":442},"xml":{"insertions":6,"deletions":28},"iml":{"insertions":14,"deletions":0},"html":{"insertions":1,"deletions":1}}}]}]},"authorFileTypeContributionMap":{"Maksym Shyiko":{"gitignore":10,"xml":376,"iml":14,"java":1546,"css":1446,"svg":14,"js":9,"html":771}},"authorContributionVariance":{"Maksym Shyiko":458434.62},"authorDisplayNameMap":{"Maksym Shyiko":"Maksym Shyiko"}}
