[{"path":".gitignore","fileType":"gitignore","lines":[{"lineNumber":1,"author":{"gitId":"M-Bell"},"content":"# This file is used to ignore files which are generated"},{"lineNumber":2,"author":{"gitId":"M-Bell"},"content":"# ----------------------------------------------------------------------------"},{"lineNumber":3,"author":{"gitId":"M-Bell"},"content":""},{"lineNumber":4,"author":{"gitId":"M-Bell"},"content":"*~"},{"lineNumber":5,"author":{"gitId":"M-Bell"},"content":"*.autosave"},{"lineNumber":6,"author":{"gitId":"M-Bell"},"content":"*.a"},{"lineNumber":7,"author":{"gitId":"M-Bell"},"content":"*.core"},{"lineNumber":8,"author":{"gitId":"M-Bell"},"content":"*.moc"},{"lineNumber":9,"author":{"gitId":"M-Bell"},"content":"*.o"},{"lineNumber":10,"author":{"gitId":"M-Bell"},"content":"*.obj"},{"lineNumber":11,"author":{"gitId":"M-Bell"},"content":"*.orig"},{"lineNumber":12,"author":{"gitId":"M-Bell"},"content":"*.rej"},{"lineNumber":13,"author":{"gitId":"M-Bell"},"content":"*.so"},{"lineNumber":14,"author":{"gitId":"M-Bell"},"content":"*.so.*"},{"lineNumber":15,"author":{"gitId":"M-Bell"},"content":"*_pch.h.cpp"},{"lineNumber":16,"author":{"gitId":"M-Bell"},"content":"*_resource.rc"},{"lineNumber":17,"author":{"gitId":"M-Bell"},"content":"*.qm"},{"lineNumber":18,"author":{"gitId":"M-Bell"},"content":".#*"},{"lineNumber":19,"author":{"gitId":"M-Bell"},"content":"*.*#"},{"lineNumber":20,"author":{"gitId":"M-Bell"},"content":"core"},{"lineNumber":21,"author":{"gitId":"M-Bell"},"content":"!core/"},{"lineNumber":22,"author":{"gitId":"M-Bell"},"content":"tags"},{"lineNumber":23,"author":{"gitId":"M-Bell"},"content":".DS_Store"},{"lineNumber":24,"author":{"gitId":"M-Bell"},"content":".directory"},{"lineNumber":25,"author":{"gitId":"M-Bell"},"content":"*.debug"},{"lineNumber":26,"author":{"gitId":"M-Bell"},"content":"Makefile*"},{"lineNumber":27,"author":{"gitId":"M-Bell"},"content":"*.prl"},{"lineNumber":28,"author":{"gitId":"M-Bell"},"content":"*.app"},{"lineNumber":29,"author":{"gitId":"M-Bell"},"content":"moc_*.cpp"},{"lineNumber":30,"author":{"gitId":"M-Bell"},"content":"ui_*.h"},{"lineNumber":31,"author":{"gitId":"M-Bell"},"content":"qrc_*.cpp"},{"lineNumber":32,"author":{"gitId":"M-Bell"},"content":"Thumbs.db"},{"lineNumber":33,"author":{"gitId":"M-Bell"},"content":"*.res"},{"lineNumber":34,"author":{"gitId":"M-Bell"},"content":"*.rc"},{"lineNumber":35,"author":{"gitId":"M-Bell"},"content":"/.qmake.cache"},{"lineNumber":36,"author":{"gitId":"M-Bell"},"content":"/.qmake.stash"},{"lineNumber":37,"author":{"gitId":"M-Bell"},"content":""},{"lineNumber":38,"author":{"gitId":"M-Bell"},"content":"# qtcreator generated files"},{"lineNumber":39,"author":{"gitId":"M-Bell"},"content":"*.pro.user*"},{"lineNumber":40,"author":{"gitId":"M-Bell"},"content":""},{"lineNumber":41,"author":{"gitId":"M-Bell"},"content":"# xemacs temporary files"},{"lineNumber":42,"author":{"gitId":"M-Bell"},"content":"*.flc"},{"lineNumber":43,"author":{"gitId":"M-Bell"},"content":""},{"lineNumber":44,"author":{"gitId":"M-Bell"},"content":"# Vim temporary files"},{"lineNumber":45,"author":{"gitId":"M-Bell"},"content":".*.swp"},{"lineNumber":46,"author":{"gitId":"M-Bell"},"content":""},{"lineNumber":47,"author":{"gitId":"M-Bell"},"content":"# Visual Studio generated files"},{"lineNumber":48,"author":{"gitId":"M-Bell"},"content":"*.ib_pdb_index"},{"lineNumber":49,"author":{"gitId":"M-Bell"},"content":"*.idb"},{"lineNumber":50,"author":{"gitId":"M-Bell"},"content":"*.ilk"},{"lineNumber":51,"author":{"gitId":"M-Bell"},"content":"*.pdb"},{"lineNumber":52,"author":{"gitId":"M-Bell"},"content":"*.sln"},{"lineNumber":53,"author":{"gitId":"M-Bell"},"content":"*.suo"},{"lineNumber":54,"author":{"gitId":"M-Bell"},"content":"*.vcproj"},{"lineNumber":55,"author":{"gitId":"M-Bell"},"content":"*vcproj.*.*.user"},{"lineNumber":56,"author":{"gitId":"M-Bell"},"content":"*.ncb"},{"lineNumber":57,"author":{"gitId":"M-Bell"},"content":"*.sdf"},{"lineNumber":58,"author":{"gitId":"M-Bell"},"content":"*.opensdf"},{"lineNumber":59,"author":{"gitId":"M-Bell"},"content":"*.vcxproj"},{"lineNumber":60,"author":{"gitId":"M-Bell"},"content":"*vcxproj.*"},{"lineNumber":61,"author":{"gitId":"M-Bell"},"content":""},{"lineNumber":62,"author":{"gitId":"M-Bell"},"content":"# MinGW generated files"},{"lineNumber":63,"author":{"gitId":"M-Bell"},"content":"*.Debug"},{"lineNumber":64,"author":{"gitId":"M-Bell"},"content":"*.Release"},{"lineNumber":65,"author":{"gitId":"M-Bell"},"content":""},{"lineNumber":66,"author":{"gitId":"M-Bell"},"content":"# Python byte code"},{"lineNumber":67,"author":{"gitId":"M-Bell"},"content":"*.pyc"},{"lineNumber":68,"author":{"gitId":"M-Bell"},"content":""},{"lineNumber":69,"author":{"gitId":"M-Bell"},"content":"# Binaries"},{"lineNumber":70,"author":{"gitId":"M-Bell"},"content":"# --------"},{"lineNumber":71,"author":{"gitId":"M-Bell"},"content":"*.dll"},{"lineNumber":72,"author":{"gitId":"M-Bell"},"content":"*.exe"},{"lineNumber":73,"author":{"gitId":"M-Bell"},"content":""}],"authorContributionMap":{"M-Bell":73}},{"path":"Raccoon.pro","fileType":"pro","lines":[{"lineNumber":1,"author":{"gitId":"M-Bell"},"content":"QT       +\u003d core gui"},{"lineNumber":2,"author":{"gitId":"M-Bell"},"content":""},{"lineNumber":3,"author":{"gitId":"M-Bell"},"content":"greaterThan(QT_MAJOR_VERSION, 4): QT +\u003d widgets"},{"lineNumber":4,"author":{"gitId":"M-Bell"},"content":""},{"lineNumber":5,"author":{"gitId":"M-Bell"},"content":"CONFIG +\u003d c++17"},{"lineNumber":6,"author":{"gitId":"M-Bell"},"content":""},{"lineNumber":7,"author":{"gitId":"M-Bell"},"content":"# You can make your code fail to compile if it uses deprecated APIs."},{"lineNumber":8,"author":{"gitId":"M-Bell"},"content":"# In order to do so, uncomment the following line."},{"lineNumber":9,"author":{"gitId":"M-Bell"},"content":"#DEFINES +\u003d QT_DISABLE_DEPRECATED_BEFORE\u003d0x060000    # disables all the APIs deprecated before Qt 6.0.0"},{"lineNumber":10,"author":{"gitId":"M-Bell"},"content":""},{"lineNumber":11,"author":{"gitId":"M-Bell"},"content":"SOURCES +\u003d \\"},{"lineNumber":12,"author":{"gitId":"M-Bell"},"content":"    main.cpp \\"},{"lineNumber":13,"author":{"gitId":"M-Bell"},"content":"    mainwindow.cpp"},{"lineNumber":14,"author":{"gitId":"M-Bell"},"content":""},{"lineNumber":15,"author":{"gitId":"M-Bell"},"content":"HEADERS +\u003d \\"},{"lineNumber":16,"author":{"gitId":"M-Bell"},"content":"    mainwindow.h"},{"lineNumber":17,"author":{"gitId":"M-Bell"},"content":""},{"lineNumber":18,"author":{"gitId":"M-Bell"},"content":"FORMS +\u003d \\"},{"lineNumber":19,"author":{"gitId":"M-Bell"},"content":"    mainwindow.ui"},{"lineNumber":20,"author":{"gitId":"M-Bell"},"content":""},{"lineNumber":21,"author":{"gitId":"M-Bell"},"content":"# Default rules for deployment."},{"lineNumber":22,"author":{"gitId":"M-Bell"},"content":"qnx: target.path \u003d /tmp/$${TARGET}/bin"},{"lineNumber":23,"author":{"gitId":"M-Bell"},"content":"else: unix:!android: target.path \u003d /opt/$${TARGET}/bin"},{"lineNumber":24,"author":{"gitId":"M-Bell"},"content":"!isEmpty(target.path): INSTALLS +\u003d target"}],"authorContributionMap":{"M-Bell":24}},{"path":"main.cpp","fileType":"cpp","lines":[{"lineNumber":1,"author":{"gitId":"M-Bell"},"content":"#include \"mainwindow.h\""},{"lineNumber":2,"author":{"gitId":"M-Bell"},"content":""},{"lineNumber":3,"author":{"gitId":"M-Bell"},"content":"#include \u003cQApplication\u003e"},{"lineNumber":4,"author":{"gitId":"M-Bell"},"content":""},{"lineNumber":5,"author":{"gitId":"M-Bell"},"content":"int main(int argc, char *argv[])"},{"lineNumber":6,"author":{"gitId":"M-Bell"},"content":"{"},{"lineNumber":7,"author":{"gitId":"M-Bell"},"content":"    QApplication a(argc, argv);"},{"lineNumber":8,"author":{"gitId":"M-Bell"},"content":"    MainWindow w;"},{"lineNumber":9,"author":{"gitId":"M-Bell"},"content":"    w.show();"},{"lineNumber":10,"author":{"gitId":"M-Bell"},"content":"    return a.exec();"},{"lineNumber":11,"author":{"gitId":"M-Bell"},"content":"}"}],"authorContributionMap":{"M-Bell":11}},{"path":"mainwindow.cpp","fileType":"cpp","lines":[{"lineNumber":1,"author":{"gitId":"M-Bell"},"content":"#include \"mainwindow.h\""},{"lineNumber":2,"author":{"gitId":"M-Bell"},"content":"#include \"ui_mainwindow.h\""},{"lineNumber":3,"author":{"gitId":"M-Bell"},"content":""},{"lineNumber":4,"author":{"gitId":"M-Bell"},"content":"MainWindow::MainWindow(QWidget *parent)"},{"lineNumber":5,"author":{"gitId":"M-Bell"},"content":"    : QMainWindow(parent)"},{"lineNumber":6,"author":{"gitId":"M-Bell"},"content":"    , ui(new Ui::MainWindow)"},{"lineNumber":7,"author":{"gitId":"M-Bell"},"content":"{"},{"lineNumber":8,"author":{"gitId":"M-Bell"},"content":"    ui-\u003esetupUi(this);"},{"lineNumber":9,"author":{"gitId":"M-Bell"},"content":"}"},{"lineNumber":10,"author":{"gitId":"M-Bell"},"content":""},{"lineNumber":11,"author":{"gitId":"M-Bell"},"content":"MainWindow::~MainWindow()"},{"lineNumber":12,"author":{"gitId":"M-Bell"},"content":"{"},{"lineNumber":13,"author":{"gitId":"M-Bell"},"content":"    delete ui;"},{"lineNumber":14,"author":{"gitId":"M-Bell"},"content":"}"},{"lineNumber":15,"author":{"gitId":"M-Bell"},"content":""}],"authorContributionMap":{"M-Bell":15}},{"path":"mainwindow.h","fileType":"h","lines":[{"lineNumber":1,"author":{"gitId":"M-Bell"},"content":"#ifndef MAINWINDOW_H"},{"lineNumber":2,"author":{"gitId":"M-Bell"},"content":"#define MAINWINDOW_H"},{"lineNumber":3,"author":{"gitId":"M-Bell"},"content":""},{"lineNumber":4,"author":{"gitId":"M-Bell"},"content":"#include \u003cQMainWindow\u003e"},{"lineNumber":5,"author":{"gitId":"M-Bell"},"content":""},{"lineNumber":6,"author":{"gitId":"M-Bell"},"content":"QT_BEGIN_NAMESPACE"},{"lineNumber":7,"author":{"gitId":"M-Bell"},"content":"namespace Ui { class MainWindow; }"},{"lineNumber":8,"author":{"gitId":"M-Bell"},"content":"QT_END_NAMESPACE"},{"lineNumber":9,"author":{"gitId":"M-Bell"},"content":""},{"lineNumber":10,"author":{"gitId":"M-Bell"},"content":"class MainWindow : public QMainWindow"},{"lineNumber":11,"author":{"gitId":"M-Bell"},"content":"{"},{"lineNumber":12,"author":{"gitId":"M-Bell"},"content":"    Q_OBJECT"},{"lineNumber":13,"author":{"gitId":"M-Bell"},"content":""},{"lineNumber":14,"author":{"gitId":"M-Bell"},"content":"public:"},{"lineNumber":15,"author":{"gitId":"M-Bell"},"content":"    MainWindow(QWidget *parent \u003d nullptr);"},{"lineNumber":16,"author":{"gitId":"M-Bell"},"content":"    ~MainWindow();"},{"lineNumber":17,"author":{"gitId":"M-Bell"},"content":""},{"lineNumber":18,"author":{"gitId":"M-Bell"},"content":"private:"},{"lineNumber":19,"author":{"gitId":"M-Bell"},"content":"    Ui::MainWindow *ui;"},{"lineNumber":20,"author":{"gitId":"M-Bell"},"content":"};"},{"lineNumber":21,"author":{"gitId":"M-Bell"},"content":"#endif // MAINWINDOW_H"}],"authorContributionMap":{"M-Bell":21}},{"path":"mainwindow.ui","fileType":"ui","lines":[{"lineNumber":1,"author":{"gitId":"M-Bell"},"content":"\u003c?xml version\u003d\"1.0\" encoding\u003d\"UTF-8\"?\u003e"},{"lineNumber":2,"author":{"gitId":"M-Bell"},"content":"\u003cui version\u003d\"4.0\"\u003e"},{"lineNumber":3,"author":{"gitId":"M-Bell"},"content":" \u003cclass\u003eMainWindow\u003c/class\u003e"},{"lineNumber":4,"author":{"gitId":"M-Bell"},"content":" \u003cwidget class\u003d\"QMainWindow\" name\u003d\"MainWindow\"\u003e"},{"lineNumber":5,"author":{"gitId":"M-Bell"},"content":"  \u003cproperty name\u003d\"geometry\"\u003e"},{"lineNumber":6,"author":{"gitId":"M-Bell"},"content":"   \u003crect\u003e"},{"lineNumber":7,"author":{"gitId":"M-Bell"},"content":"    \u003cx\u003e0\u003c/x\u003e"},{"lineNumber":8,"author":{"gitId":"M-Bell"},"content":"    \u003cy\u003e0\u003c/y\u003e"},{"lineNumber":9,"author":{"gitId":"M-Bell"},"content":"    \u003cwidth\u003e800\u003c/width\u003e"},{"lineNumber":10,"author":{"gitId":"M-Bell"},"content":"    \u003cheight\u003e600\u003c/height\u003e"},{"lineNumber":11,"author":{"gitId":"M-Bell"},"content":"   \u003c/rect\u003e"},{"lineNumber":12,"author":{"gitId":"M-Bell"},"content":"  \u003c/property\u003e"},{"lineNumber":13,"author":{"gitId":"M-Bell"},"content":"  \u003cproperty name\u003d\"windowTitle\"\u003e"},{"lineNumber":14,"author":{"gitId":"M-Bell"},"content":"   \u003cstring\u003eMainWindow\u003c/string\u003e"},{"lineNumber":15,"author":{"gitId":"M-Bell"},"content":"  \u003c/property\u003e"},{"lineNumber":16,"author":{"gitId":"M-Bell"},"content":"  \u003cwidget class\u003d\"QWidget\" name\u003d\"centralwidget\"/\u003e"},{"lineNumber":17,"author":{"gitId":"M-Bell"},"content":"  \u003cwidget class\u003d\"QMenuBar\" name\u003d\"menubar\"\u003e"},{"lineNumber":18,"author":{"gitId":"M-Bell"},"content":"   \u003cproperty name\u003d\"geometry\"\u003e"},{"lineNumber":19,"author":{"gitId":"M-Bell"},"content":"    \u003crect\u003e"},{"lineNumber":20,"author":{"gitId":"M-Bell"},"content":"     \u003cx\u003e0\u003c/x\u003e"},{"lineNumber":21,"author":{"gitId":"M-Bell"},"content":"     \u003cy\u003e0\u003c/y\u003e"},{"lineNumber":22,"author":{"gitId":"M-Bell"},"content":"     \u003cwidth\u003e800\u003c/width\u003e"},{"lineNumber":23,"author":{"gitId":"M-Bell"},"content":"     \u003cheight\u003e25\u003c/height\u003e"},{"lineNumber":24,"author":{"gitId":"M-Bell"},"content":"    \u003c/rect\u003e"},{"lineNumber":25,"author":{"gitId":"M-Bell"},"content":"   \u003c/property\u003e"},{"lineNumber":26,"author":{"gitId":"M-Bell"},"content":"  \u003c/widget\u003e"},{"lineNumber":27,"author":{"gitId":"M-Bell"},"content":"  \u003cwidget class\u003d\"QStatusBar\" name\u003d\"statusbar\"/\u003e"},{"lineNumber":28,"author":{"gitId":"M-Bell"},"content":" \u003c/widget\u003e"},{"lineNumber":29,"author":{"gitId":"M-Bell"},"content":" \u003cresources/\u003e"},{"lineNumber":30,"author":{"gitId":"M-Bell"},"content":" \u003cconnections/\u003e"},{"lineNumber":31,"author":{"gitId":"M-Bell"},"content":"\u003c/ui\u003e"}],"authorContributionMap":{"M-Bell":31}}]
