{"authorDailyContributionsMap":{"M-Bell":[{"date":"2022-06-25","commitResults":[{"hash":"7707922ad69efcf1e9fc432bd4c1c127ebfab09a","isMergeCommit":false,"messageTitle":"initial commit","messageBody":"","fileTypesAndContributionMap":{"cpp":{"insertions":26,"deletions":0},"ui":{"insertions":45,"deletions":0},"gitignore":{"insertions":73,"deletions":0},"h":{"insertions":21,"deletions":0},"pro":{"insertions":24,"deletions":0}}},{"hash":"730b6a1fb65b6ffb56be93867d1bb8ae750755bf","isMergeCommit":false,"messageTitle":"Cleared mainwindow.ui","messageBody":"","fileTypesAndContributionMap":{"ui":{"insertions":1,"deletions":15}}}]}]},"authorFileTypeContributionMap":{"M-Bell":{"gitignore":73,"pro":24,"cpp":26,"h":21,"ui":31}},"authorContributionVariance":{"M-Bell":1613.76},"authorDisplayNameMap":{"M-Bell":"M-Bell"}}
