{"repoSenseVersion":"5cd529fb46","reportGeneratedTime":"Tue Apr 2 08:43:25 2024 UTC","reportGenerationTime":" 2.66 second(s)","zoneId":"Etc/UTC","reportTitle":"RepoSense Report","repos":[{"location":{"location":"https://github.com/M-Bell/rick_morty.git","repoName":"rick_morty","organization":"M-Bell","domainName":"github"},"branch":"main","displayName":"M-Bell/rick_morty[main]","outputFolderName":"M-Bell_rick_morty_main"}],"errorSet":[],"sinceDate":"2023-12-01","untilDate":"2024-01-15","isSinceDateProvided":true,"isUntilDateProvided":true,"supportedDomainUrlMap":{"NOT_RECOGNIZED":{"BRANCH":"","REPO_URL":"UNSUPPORTED","BASE_URL":"UNSUPPORTED","HISTORY_PATH":"","COMMIT_PATH":"","BLAME_PATH":""},"github":{"BRANCH":"tree/$BRANCH","REPO_URL":"https://github.com/$ORGANIZATION/$REPO_NAME/","BASE_URL":"https://github.com/","HISTORY_PATH":"commits/$BRANCH/$FILE_PATH","COMMIT_PATH":"commit/$COMMIT_HASH","BLAME_PATH":"blame/$BRANCH/$FILE_PATH"}}}
