{"repoSenseVersion":"5cd529fb46","reportGeneratedTime":"Tue Apr 2 07:35:50 2024 UTC","reportGenerationTime":" 3.02 second(s)","zoneId":"Etc/UTC","reportTitle":"RepoSense Report","repos":[{"location":{"location":"https://github.com/M-Bell/Coursework.git","repoName":"Coursework","organization":"M-Bell","domainName":"github"},"branch":"master","displayName":"M-Bell/Coursework[master]","outputFolderName":"M-Bell_Coursework_master"}],"errorSet":[],"sinceDate":"2023-04-01","untilDate":"2024-04-02","isSinceDateProvided":true,"isUntilDateProvided":false,"supportedDomainUrlMap":{"NOT_RECOGNIZED":{"BRANCH":"","REPO_URL":"UNSUPPORTED","BASE_URL":"UNSUPPORTED","HISTORY_PATH":"","COMMIT_PATH":"","BLAME_PATH":""},"github":{"BRANCH":"tree/$BRANCH","REPO_URL":"https://github.com/$ORGANIZATION/$REPO_NAME/","BASE_URL":"https://github.com/","HISTORY_PATH":"commits/$BRANCH/$FILE_PATH","COMMIT_PATH":"commit/$COMMIT_HASH","BLAME_PATH":"blame/$BRANCH/$FILE_PATH"}}}
