{"repoSenseVersion":"5cd529fb46","reportGeneratedTime":"Tue Apr 2 08:32:52 2024 UTC","reportGenerationTime":" 0.40 second(s)","zoneId":"Etc/UTC","reportTitle":"RepoSense Report","repos":[],"errorSet":[{"repoName":"M-Bell-Raccoon-tree/ui_playable[HEAD]","errorMessage":"Failed to clone from https://github.com/M-Bell/Raccoon/tree/ui_playable"}],"sinceDate":"2022-06-01","untilDate":"2022-07-15","isSinceDateProvided":true,"isUntilDateProvided":true,"supportedDomainUrlMap":{"NOT_RECOGNIZED":{"BRANCH":"","REPO_URL":"UNSUPPORTED","BASE_URL":"UNSUPPORTED","HISTORY_PATH":"","COMMIT_PATH":"","BLAME_PATH":""},"github":{"BRANCH":"tree/$BRANCH","REPO_URL":"https://github.com/$ORGANIZATION/$REPO_NAME/","BASE_URL":"https://github.com/","HISTORY_PATH":"commits/$BRANCH/$FILE_PATH","COMMIT_PATH":"commit/$COMMIT_HASH","BLAME_PATH":"blame/$BRANCH/$FILE_PATH"}}}
