{"authorDailyContributionsMap":{"Matous":[{"date":"2023-12-08","commitResults":[{"hash":"21aa2300df2364cdad7352aec2b6812c4f4b519b","isMergeCommit":false,"messageTitle":"getchar","messageBody":"","fileTypesAndContributionMap":{"ts":{"insertions":89,"deletions":7}}},{"hash":"34baecaa87c298626b4c29ac77b402fa985ad1a9","isMergeCommit":false,"messageTitle":"workin all chars","messageBody":"","fileTypesAndContributionMap":{"ts":{"insertions":5,"deletions":10}}}]},{"date":"2023-12-11","commitResults":[{"hash":"1f5c900324060fd282f989bc61e8a04d16dd58b5","isMergeCommit":false,"messageTitle":"working all API","messageBody":"","fileTypesAndContributionMap":{"ts":{"insertions":136,"deletions":53}}},{"hash":"75942496b9afbc03f229e6b010cad64b0458b51a","isMergeCommit":false,"messageTitle":"working character detail with links","messageBody":"","fileTypesAndContributionMap":{"html":{"insertions":3,"deletions":1},"ts":{"insertions":18,"deletions":4}}},{"hash":"123d826fb2ae3db9d797c9c53561fabdfbc9cde2","isMergeCommit":true,"messageTitle":"Merge branch \u0027main\u0027 of https://github.com/M-Bell/rick_morty","messageBody":"","fileTypesAndContributionMap":{}},{"hash":"f719f6e106c10f66ff6f90e38e6a70aeff358a0d","isMergeCommit":false,"messageTitle":"epi detail links work","messageBody":"","fileTypesAndContributionMap":{"html":{"insertions":4,"deletions":2},"ts":{"insertions":20,"deletions":1}}},{"hash":"e38c0cd1225fee63c67839dcca0f6290022cd9c0","isMergeCommit":false,"messageTitle":"all details url working","messageBody":"","fileTypesAndContributionMap":{"html":{"insertions":4,"deletions":2},"ts":{"insertions":39,"deletions":3}}},{"hash":"232ed430c92eef7f4b130d0defb0bb6fa1d9f176","isMergeCommit":true,"messageTitle":"Merge branch \u0027main\u0027 of https://github.com/M-Bell/rick_morty","messageBody":"","fileTypesAndContributionMap":{}}]},{"date":"2023-12-15","commitResults":[{"hash":"ddd7c6f9973c856f838a84f084219c0f1709e14f","isMergeCommit":false,"messageTitle":"working portal","messageBody":"","fileTypesAndContributionMap":{"css":{"insertions":30,"deletions":6},"html":{"insertions":4,"deletions":3}}},{"hash":"e94ac01d96f02c1f2479ce6059b1001244703c62","isMergeCommit":false,"messageTitle":"spinning","messageBody":"","fileTypesAndContributionMap":{"css":{"insertions":28,"deletions":2},"html":{"insertions":4,"deletions":4}}},{"hash":"730874c99c550fca2e78a0585c154be961e40590","isMergeCommit":false,"messageTitle":"filter working","messageBody":"","fileTypesAndContributionMap":{"css":{"insertions":27,"deletions":12},"html":{"insertions":24,"deletions":14},"ts":{"insertions":17,"deletions":4}}},{"hash":"e62a2e5678c4d383e3ba10be0e2cfa1bf589e2d3","isMergeCommit":false,"messageTitle":"icon and filter","messageBody":"","fileTypesAndContributionMap":{"css":{"insertions":3,"deletions":2},"html":{"insertions":15,"deletions":7},"ts":{"insertions":20,"deletions":4}}}]}],"Valeria":[{"date":"2023-12-15","commitResults":[{"hash":"f22e93455edb1e4818b60b76178a7f1a39411c20","isMergeCommit":false,"messageTitle":"Icon","messageBody":"","fileTypesAndContributionMap":{"css":{"insertions":7,"deletions":0},"html":{"insertions":8,"deletions":8}}},{"hash":"e7cdb9cf584bd53ac162456a7df66dbf31a0fad2","isMergeCommit":true,"messageTitle":"Merge branch \u0027main\u0027 of https://github.com/M-Bell/rick_morty","messageBody":"","fileTypesAndContributionMap":{}}]}],"Hafiky":[{"date":"2024-01-07","commitResults":[{"hash":"973cc1a2ed39a89ed2ae4b0a4623e9d238de84ad","isMergeCommit":false,"messageTitle":"Update README.md","messageBody":"","fileTypesAndContributionMap":{"md":{"insertions":11,"deletions":1}}},{"hash":"21c42380178aa3ee8aa475458ef7b945beacd835","isMergeCommit":false,"messageTitle":"Update README.md","messageBody":"","fileTypesAndContributionMap":{"md":{"insertions":6,"deletions":5}}}]}],"Maksym Shyiko":[{"date":"2023-12-08","commitResults":[{"hash":"4fdf97d1ddd015e8bc3d89e2452837e85de5bc28","isMergeCommit":false,"messageTitle":"Initial commit","messageBody":"","fileTypesAndContributionMap":{"md":{"insertions":1,"deletions":0}}},{"hash":"96fb391174537e2a391a015ec1ea40d89335ec7e","isMergeCommit":false,"messageTitle":"initial","messageBody":"","fileTypesAndContributionMap":{"css":{"insertions":86,"deletions":0},"gitkeep":{"insertions":0,"deletions":0},"svg":{"insertions":2,"deletions":0},"gitignore":{"insertions":42,"deletions":0},"editorconfig":{"insertions":16,"deletions":0},"json":{"insertions":13245,"deletions":0},"js":{"insertions":44,"deletions":0},"html":{"insertions":106,"deletions":0},"ts":{"insertions":144,"deletions":0}}},{"hash":"f4f82fc1a86865a4b8dca67abe61cc2fe1aea40c","isMergeCommit":false,"messageTitle":"Implemented routing","messageBody":"","fileTypesAndContributionMap":{"ts":{"insertions":11,"deletions":1}}},{"hash":"104fe0a8cd5afb6c4878cdfa62f6ab9e2a91ea47","isMergeCommit":false,"messageTitle":"Initialised components","messageBody":"","fileTypesAndContributionMap":{"css":{"insertions":0,"deletions":0},"html":{"insertions":8,"deletions":0},"ts":{"insertions":115,"deletions":11}}},{"hash":"fa5a6751523580d9d7dd4506482276661dfb2f21","isMergeCommit":false,"messageTitle":"Front-end carcass","messageBody":"","fileTypesAndContributionMap":{"css":{"insertions":0,"deletions":0},"html":{"insertions":97,"deletions":95},"ts":{"insertions":46,"deletions":1}}},{"hash":"ea7db4a3f07280cab326502f719859c4ad55103f","isMergeCommit":false,"messageTitle":"Added interfaces","messageBody":"","fileTypesAndContributionMap":{"css":{"insertions":0,"deletions":0},"html":{"insertions":10,"deletions":1},"ts":{"insertions":84,"deletions":3}}},{"hash":"ad7e280e442d9be9b276beebf9a9ba07112f5fc8","isMergeCommit":false,"messageTitle":"Entered mock data","messageBody":"","fileTypesAndContributionMap":{"html":{"insertions":1,"deletions":1},"ts":{"insertions":19,"deletions":5}}},{"hash":"36bf72283df4fcd75fc79ba6b5fb713cabd52a86","isMergeCommit":true,"messageTitle":"Merge branch \u0027main\u0027 of https://github.com/M-Bell/rick_morty","messageBody":"","fileTypesAndContributionMap":{}},{"hash":"b0f1b9e120736cbfb537adeef8c3f6c54beec056","isMergeCommit":false,"messageTitle":"Implemented DataService get all characters","messageBody":"","fileTypesAndContributionMap":{"ts":{"insertions":2,"deletions":2}}},{"hash":"79fe116572106c7a982cdea702da627c62569479","isMergeCommit":false,"messageTitle":"Reformatted character display","messageBody":"","fileTypesAndContributionMap":{"html":{"insertions":3,"deletions":3},"ts":{"insertions":6,"deletions":2}}},{"hash":"a7430b17eb575e71f16e913931963187802732cc","isMergeCommit":true,"messageTitle":"Merge branch \u0027main\u0027 of https://github.com/M-Bell/rick_morty","messageBody":"","fileTypesAndContributionMap":{}}]},{"date":"2023-12-10","commitResults":[{"hash":"044aa67c6326b67b6e972589ce8ccdc5325fb83d","isMergeCommit":false,"messageTitle":"Character details page implemented","messageBody":"","fileTypesAndContributionMap":{"html":{"insertions":30,"deletions":2},"ts":{"insertions":29,"deletions":5}}},{"hash":"685ad0f827d8091acb863e8ff4310739ae069338","isMergeCommit":false,"messageTitle":"Implemented episode list \u0026 details pages","messageBody":"","fileTypesAndContributionMap":{"html":{"insertions":22,"deletions":5},"ts":{"insertions":74,"deletions":2}}},{"hash":"3c98bb4b84e506cbaf103b5326acabfd5e568981","isMergeCommit":false,"messageTitle":"Implemented locations list \u0026 details pages","messageBody":"","fileTypesAndContributionMap":{"html":{"insertions":22,"deletions":3},"ts":{"insertions":73,"deletions":1}}}]},{"date":"2023-12-11","commitResults":[{"hash":"397ab6a5d3cedc62c80b030ed0af39e077043e3a","isMergeCommit":false,"messageTitle":"Connect data service to view","messageBody":"","fileTypesAndContributionMap":{"ts":{"insertions":11,"deletions":85}}},{"hash":"b35ec87a0c7eedda470e350f0540d102270cfd96","isMergeCommit":false,"messageTitle":"Fix display","messageBody":"","fileTypesAndContributionMap":{"html":{"insertions":1,"deletions":1},"ts":{"insertions":7,"deletions":5}}},{"hash":"3293fe2d6cf8723bb6e2e463a4a42adf256ae924","isMergeCommit":false,"messageTitle":"Update design for character list","messageBody":"","fileTypesAndContributionMap":{"css":{"insertions":26,"deletions":0},"html":{"insertions":7,"deletions":5}}},{"hash":"a1fae08cce212ac63053b3b3720ff017aad5f1a4","isMergeCommit":false,"messageTitle":"Update design","messageBody":"","fileTypesAndContributionMap":{"css":{"insertions":19,"deletions":7},"html":{"insertions":7,"deletions":4}}},{"hash":"af01f67071bccf0c1ff8a3246c75e9a7be10d073","isMergeCommit":true,"messageTitle":"Merge branch \u0027main\u0027 of https://github.com/M-Bell/rick_morty","messageBody":"","fileTypesAndContributionMap":{}},{"hash":"8b023acdf81257aa8ae703a681a923c78316bb54","isMergeCommit":false,"messageTitle":"Implemented home\u0026about pages","messageBody":"","fileTypesAndContributionMap":{"css":{"insertions":3,"deletions":3},"html":{"insertions":17,"deletions":50}}},{"hash":"717fd1d525bc1f0e7f882b334a9e9d6c797eba51","isMergeCommit":true,"messageTitle":"Merge branch \u0027main\u0027 of https://github.com/M-Bell/rick_morty","messageBody":"","fileTypesAndContributionMap":{}},{"hash":"a377cfbda3281a3b4ac65cb3ecdfa03d091cbfcd","isMergeCommit":false,"messageTitle":"Character list page update","messageBody":"","fileTypesAndContributionMap":{"css":{"insertions":4,"deletions":4},"html":{"insertions":2,"deletions":0}}}]},{"date":"2023-12-14","commitResults":[{"hash":"1e41cbb9c17f127ba48e24f456057020c3f54b03","isMergeCommit":false,"messageTitle":"Implemented character details style","messageBody":"","fileTypesAndContributionMap":{"css":{"insertions":73,"deletions":0},"html":{"insertions":33,"deletions":25}}}]},{"date":"2023-12-15","commitResults":[{"hash":"45885ddc47a4424e16e85df64692fd60a92020a2","isMergeCommit":false,"messageTitle":"Episode list css implemented","messageBody":"","fileTypesAndContributionMap":{"css":{"insertions":26,"deletions":0},"html":{"insertions":6,"deletions":3}}},{"hash":"4ec0340f02a6fa2077f608421cafd768c43bad34","isMergeCommit":true,"messageTitle":"Merge branch \u0027main\u0027 of https://github.com/M-Bell/rick_morty","messageBody":"","fileTypesAndContributionMap":{}},{"hash":"855c906fc20281b91b211de667b7b027f450a06d","isMergeCommit":false,"messageTitle":"Locations list updated","messageBody":"","fileTypesAndContributionMap":{"css":{"insertions":26,"deletions":0},"html":{"insertions":5,"deletions":3}}},{"hash":"89986edf53f73368c87899ca66ec6244b564cba3","isMergeCommit":true,"messageTitle":"Merge branch \u0027main\u0027 of https://github.com/M-Bell/rick_morty","messageBody":"","fileTypesAndContributionMap":{}},{"hash":"566eb9e10db46a9c93cca9ec6eebc0d73a48dadc","isMergeCommit":false,"messageTitle":"Updated episodes details page","messageBody":"","fileTypesAndContributionMap":{"css":{"insertions":74,"deletions":0},"html":{"insertions":32,"deletions":16}}},{"hash":"6b93106d15232815a4676b4550e8b0e77e3bbae5","isMergeCommit":false,"messageTitle":"Updated location details page","messageBody":"","fileTypesAndContributionMap":{"css":{"insertions":74,"deletions":1},"html":{"insertions":31,"deletions":19}}},{"hash":"b7f2133cc8c43ccf9856f57df0675a69aa44f155","isMergeCommit":false,"messageTitle":"Added background","messageBody":"","fileTypesAndContributionMap":{"css":{"insertions":22,"deletions":0},"html":{"insertions":7,"deletions":3}}},{"hash":"d3445e6456ca325358a0c70e54ed321749f00bb9","isMergeCommit":false,"messageTitle":"Updated list pages","messageBody":"","fileTypesAndContributionMap":{"css":{"insertions":132,"deletions":26},"html":{"insertions":33,"deletions":27}}},{"hash":"45a28890f37ec68ff438aa74993b193b2e63d179","isMergeCommit":false,"messageTitle":"List and details pages updated","messageBody":"","fileTypesAndContributionMap":{"css":{"insertions":114,"deletions":32},"svg":{"insertions":1,"deletions":0},"html":{"insertions":19,"deletions":19}}}]},{"date":"2023-12-16","commitResults":[{"hash":"671acd98fe2547747703fe50dd38fd9d6b65dafa","isMergeCommit":false,"messageTitle":"About page changed","messageBody":"","fileTypesAndContributionMap":{"css":{"insertions":34,"deletions":8},"html":{"insertions":8,"deletions":6}}},{"hash":"608ec2ba1428d2a20be13d1133622be7536a8d7d","isMergeCommit":false,"messageTitle":"Home page updated","messageBody":"","fileTypesAndContributionMap":{"css":{"insertions":75,"deletions":98},"html":{"insertions":20,"deletions":25}}}]},{"date":"2024-01-04","commitResults":[{"hash":"ebd6cee5624361eb6c23e57e8042af62e58c15d7","isMergeCommit":false,"messageTitle":"Changed entities lists links","messageBody":"","fileTypesAndContributionMap":{"css":{"insertions":10,"deletions":2},"html":{"insertions":9,"deletions":9}}},{"hash":"6f4e4e694f1ca899e6706310c5e6a1e132196017","isMergeCommit":false,"messageTitle":"Changed the logo in header","messageBody":"","fileTypesAndContributionMap":{"css":{"insertions":13,"deletions":0},"svg":{"insertions":189,"deletions":0},"html":{"insertions":2,"deletions":2}}},{"hash":"580d2d0cff00bd9620f43ba1205f459ff520ae19","isMergeCommit":false,"messageTitle":"Added search bar to locations list","messageBody":"","fileTypesAndContributionMap":{"css":{"insertions":29,"deletions":8},"html":{"insertions":7,"deletions":1},"ts":{"insertions":18,"deletions":0}}}]}]},"authorFileTypeContributionMap":{"Matous":{"ts":273,"css":70,"html":27},"Valeria":{"css":1},"Hafiky":{"md":11},"Maksym Shyiko":{"editorconfig":16,"gitignore":42,"json":13245,"md":1,"js":44,"css":653,"html":215,"ts":487,"svg":192}},"authorContributionVariance":{"Matous":3653.7651,"Valeria":13.554704,"Hafiky":13.55471,"Maksym Shyiko":5157607.0},"authorDisplayNameMap":{"Matous":"Matous","Valeria":"Valeria","Hafiky":"Hafiky","Maksym Shyiko":"Maksym Shyiko"}}
